Model,Accuracy,Precision,Recall,F1_Score,R2_Score
Model_A,0.856689745665201,0.9159240595019362,0.8094586475597864,0.813315496728428,0.4375112683618948
Model_B,0.8221773375818627,0.7873920940164503,0.7993725981233873,0.8931306797866896,0.5045965188639678
Model_C,0.7836517967836809,0.860440873001853,0.7289613459325,0.7582376879948918,0.45146674289478683
Model_D,0.8955246997684019,0.7765165492822595,0.8543104209715773,0.7519111646599669,0.5237170501858855
Model_E,0.8093196421119948,0.8655863379638996,0.7974261073280056,0.8804133889147912,0.4263975364573693
